{
    "board_region": [
        95,
        251,
        1806,
        1874
    ],
    "tile_colors": {
        "8": {
            "lower": [
                212.66401765535974,
                59.2086812592176,
                73.46260437776529
            ],
            "upper": [
                232.66401765535974,
                79.2086812592176,
                93.46260437776529
            ],
            "average": [
                222.66401765535974,
                69.2086812592176,
                83.46260437776529
            ]
        },
        "128": {
            "lower": [
                102.42098059395856,
                149.08072234188162,
                100.42421670256448
            ],
            "upper": [
                122.42098059395856,
                169.08072234188162,
                120.42421670256448
            ],
            "average": [
                112.42098059395856,
                159.08072234188162,
                110.42421670256448
            ]
        },
        "4": {
            "lower": [
                52.683943596218526,
                180.72794406306699,
                121.50391516090357
            ],
            "upper": [
                72.68394359621853,
                200.72794406306699,
                141.50391516090357
            ],
            "average": [
                62.683943596218526,
                190.72794406306699,
                131.50391516090357
            ]
        },
        "2": {
            "lower": [
                69.8326242188246,
                175.64731721291471,
                108.39419516387443
            ],
            "upper": [
                89.8326242188246,
                195.64731721291471,
                128.39419516387443
            ],
            "average": [
                79.8326242188246,
                185.64731721291471,
                118.39419516387443
            ]
        },
        "32": {
            "lower": [
                66.90595125677726,
                93.97369733365872,
                193.32505384672515
            ],
            "upper": [
                86.90595125677726,
                113.97369733365872,
                213.32505384672515
            ],
            "average": [
                76.90595125677726,
                103.97369733365872,
                203.32505384672515
            ]
        },
        "16": {
            "lower": [
                236.10927436895884,
                69.65625453143623,
                92.03427799410781
            ],
            "upper": [
                255.0,
                89.65625453143623,
                112.03427799410781
            ],
            "average": [
                246.10927436895884,
                79.65625453143623,
                102.03427799410781
            ]
        },
        "64": {
            "lower": [
                104.54942758013348,
                94.06339589809971,
                210.84240681598743
            ],
            "upper": [
                124.54942758013348,
                114.06339589809971,
                230.84240681598743
            ],
            "average": [
                114.54942758013348,
                104.06339589809971,
                220.84240681598743
            ]
        },
        "256": {
            "lower": [
                56.81926598690703,
                155.50247747986717,
                142.38729323388046
            ],
            "upper": [
                76.81926598690703,
                175.50247747986717,
                162.38729323388046
            ],
            "average": [
                66.81926598690703,
                165.50247747986717,
                152.38729323388046
            ]
        },
        "512": {
            "lower": [
                188.3738076796571,
                79.01048286984478,
                79.40314486095343
            ],
            "upper": [
                208.3738076796571,
                99.01048286984478,
                99.40314486095343
            ],
            "average": [
                198.3738076796571,
                89.01048286984478,
                89.40314486095343
            ]
        },
        "1024": {
            "lower": [
                237.11208606987873,
                95.56222347186707,
                113.76186484737238
            ],
            "upper": [
                255.0,
                115.56222347186707,
                133.76186484737238
            ],
            "average": [
                247.11208606987873,
                105.56222347186707,
                123.76186484737238
            ]
        },
        "2048": {
            "lower": [
                63.17561990047639,
                116.72871860709398,
                174.48688049740582
            ],
            "upper": [
                83.17561990047639,
                136.72871860709398,
                194.48688049740582
            ],
            "average": [
                73.17561990047639,
                126.72871860709398,
                184.48688049740582
            ]
        }
    },
    "grid_params": {
        "tile_width": 383,
        "tile_height": 383,
        "gap_x": 59,
        "gap_y": 30,
        "tile_positions": [
            [
                [
                    0,
                    0,
                    383,
                    383
                ],
                [
                    442,
                    0,
                    825,
                    383
                ],
                [
                    884,
                    0,
                    1267,
                    383
                ],
                [
                    1326,
                    0,
                    1709,
                    383
                ]
            ],
            [
                [
                    0,
                    413,
                    383,
                    796
                ],
                [
                    442,
                    413,
                    825,
                    796
                ],
                [
                    884,
                    413,
                    1267,
                    796
                ],
                [
                    1326,
                    413,
                    1709,
                    796
                ]
            ],
            [
                [
                    0,
                    826,
                    383,
                    1209
                ],
                [
                    442,
                    826,
                    825,
                    1209
                ],
                [
                    884,
                    826,
                    1267,
                    1209
                ],
                [
                    1326,
                    826,
                    1709,
                    1209
                ]
            ],
            [
                [
                    0,
                    1239,
                    383,
                    1622
                ],
                [
                    442,
                    1239,
                    825,
                    1622
                ],
                [
                    884,
                    1239,
                    1267,
                    1622
                ],
                [
                    1326,
                    1239,
                    1709,
                    1622
                ]
            ]
        ]
    }
}